<VSTemplate Version="3.0.0" xmlns="http://schemas.microsoft.com/developer/vstemplate/2005" Type="Project">
  <TemplateData>
    <Name>Deploy and Manage Azure Storage</Name>
    <Description>Illustrates usage of APIs related to Azure storage accounts, based on the Azure Management Libraries.  Create a storage account, update its properties, get a connection string, update its access key, delete the account.</Description>
    <DefaultName>DeployManageAzureStorage</DefaultName>
    
    <ProjectType>CSharp</ProjectType>
    <ProjectSubType></ProjectSubType>
    <SortOrder>1000</SortOrder>
    <CreateNewFolder>true</CreateNewFolder>    
    <ProvideDefaultName>true</ProvideDefaultName>
    <LocationField>Enabled</LocationField>
    <EnableLocationBrowseButton>true</EnableLocationBrowseButton>
    <Icon>sw-file-icon.png</Icon>
    
    <!-- Indicates how many parent folders this item template should appear in -->
    <NumberOfParentCategoriesToRollUp>1</NumberOfParentCategoriesToRollUp>
  </TemplateData>
  <TemplateContent>
    <Project TargetFileName="DeployManageAzureStorage.csproj" File="DeployManageAzureStorage.csproj" ReplaceParameters="true">
    </Project>
  </TemplateContent>
 <WizardExtension>
    <Assembly>ProjectWizard, Version=1.0.0.0, Culture=Neutral, PublicKeyToken=b03f5f7f11d50a3a</Assembly>
    <FullClassName>ProjectWizard.Wizard</FullClassName>
  </WizardExtension>
</VSTemplate>